{"stats":{"minecraft:killed":{"minecraft:spider":1},"minecraft:picked_up":{"tconstruct:hand_axe":1,"tconstruct:sword":1,"tconstruct:pickaxe":2,"minecraft:cobblestone":3},"minecraft:custom":{"minecraft:jump":115,"minecraft:time_since_rest":2942,"minecraft:deaths":1,"minecraft:damage_dealt":160,"minecraft:sprint_one_cm":10652,"minecraft:leave_game":2,"minecraft:play_time":12395,"minecraft:damage_taken":279,"minecraft:time_since_death":2914,"minecraft:walk_one_cm":9887,"minecraft:sneak_time":9,"minecraft:total_world_time":12395,"minecraft:mob_kills":1,"minecraft:drop":1,"minecraft:fall_one_cm":2379,"minecraft:fly_one_cm":20875},"minecraft:mined":{"dynamictrees:spruce_leaves":3},"minecraft:killed_by":{"minecraft:player":1},"minecraft:dropped":{"tconstruct:pickaxe":1}},"DataVersion":2975}