{"stats":{"minecraft:picked_up":{"minecraft:birch_log":7,"minecraft:coarse_dirt":5,"minecraft:andesite":9,"minecraft:leather":3,"dynamictrees:spruce_seed":1,"tconstruct:sword":2,"minecraft:flint":64,"minecraft:oak_log":12,"minecraft:gunpowder":1,"rottenleather:rotten_chunk":6,"minecraft:dirt":15,"bhc:red_heart":1,"tconstruct:hand_axe":3,"minecraft:bone":7,"minecraft:bow":2,"minecraft:wheat_seeds":1,"dynamictrees:birch_seed":5,"minecraft:beef":9,"minecraft:stone_pickaxe":1,"minecraft:calcite":6,"dynamictrees:oak_seed":1,"gobber2:gobber2_gooey_beefstew_nether":1,"minecraft:sugar_cane":21,"gobber2:gobber2_gooey_bread":3,"byg:fir_sapling":66,"minecraft:stick":96,"minecraft:raw_iron":20,"minecraft:torch":23,"sophisticatedbackpacks:backpack":1,"minecraft:gravel":514,"immersiveengineering:raw_aluminum":8,"minecraft:sand":519,"gobber2:gobber2_foo_end":1,"tombstone:grave_dust":5,"minecraft:blast_furnace":2,"minecraft:arrow":6,"minecraft:rotten_flesh":15,"immersiveengineering:seed":1,"minecraft:granite":1,"byg:fir_log":191,"minecraft:bread":1,"minecraft:coal":80,"minecraft:cobblestone":59},"minecraft:broken":{"minecraft:stone_shovel":5},"minecraft:used":{"minecraft:calcite":4,"dynamictrees:spruce_seed":5,"minecraft:stone_shovel":1088,"minecraft:stone_pickaxe":54,"minecraft:chest":10,"dynamictrees:oak_seed":1,"minecraft:iron_chestplate":1,"minecraft:torch":3,"minecraft:dirt":3,"tconstruct:sword":140,"minecraft:sand":7,"minecraft:hopper":9,"minecraft:blast_furnace":2,"tconstruct:hand_axe":361,"minecraft:bread":3,"minecraft:iron_pickaxe":120,"dynamictrees:birch_seed":5,"minecraft:iron_helmet":1,"minecraft:gravel":2,"minecraft:cobblestone":16,"minecraft:furnace":1,"minecraft:cooked_porkchop":5,"tombstone:gift":4,"minecraft:cooked_beef":2},"minecraft:killed_by":{"minecraft:skeleton":1,"minecraft:zombie":3},"minecraft:crafted":{"minecraft:cooked_beef":9,"tconstruct:small_blade":1,"minecraft:oak_planks":48,"minecraft:stone_shovel":4,"minecraft:cooked_porkchop":5,"minecraft:spruce_planks":64,"tconstruct:tool_handle":3,"tconstruct:tool_binding":1,"minecraft:air":0,"tconstruct:hand_axe":2,"tconstruct:sword":2,"minecraft:hopper":6,"minecraft:iron_ingot":36,"minecraft:chest":15,"tconstruct:small_axe_head":1,"byg:fir_planks":64,"minecraft:torch":20,"sophisticatedbackpacks:iron_backpack":1},"minecraft:killed":{"minecraft:zombie_villager":1,"minecraft:spider":1,"minecraft:creeper":1,"minecraft:skeleton":5,"minecraft:zombie":13,"minecraft:cow":4},"minecraft:custom":{"minecraft:interact_with_furnace":4,"lootr:looted_stat":2,"minecraft:mob_kills":27,"minecraft:inspect_hopper":10,"goblintraders:trade_with_goblin":18,"minecraft:damage_dealt_resisted":383,"minecraft:leave_game":2,"minecraft:time_since_death":23987,"minecraft:sleep_in_bed":7,"minecraft:climb_one_cm":567,"minecraft:time_since_rest":2322,"minecraft:sprint_one_cm":176004,"minecraft:damage_taken":1858,"minecraft:walk_one_cm":238275,"minecraft:drop":24,"minecraft:damage_dealt":4737,"minecraft:damage_dealt_absorbed":40,"minecraft:swim_one_cm":12183,"minecraft:fly_one_cm":194837,"minecraft:open_chest":85,"minecraft:crouch_one_cm":933,"minecraft:play_time":97782,"tombstone:undead_killed":19,"minecraft:deaths":5,"minecraft:sneak_time":689,"minecraft:walk_under_water_one_cm":5349,"minecraft:jump":1251,"minecraft:interact_with_blast_furnace":9,"minecraft:walk_on_water_one_cm":19133,"minecraft:total_world_time":97782,"minecraft:interact_with_smoker":7,"minecraft:fall_one_cm":35352},"minecraft:dropped":{"minecraft:bread":1,"minecraft:rotten_flesh":2,"dynamictrees:spruce_seed":1,"tconstruct:sword":2,"minecraft:blast_furnace":2,"minecraft:dirt":10,"tconstruct:hand_axe":4,"minecraft:bow":1,"minecraft:stone_pickaxe":2,"minecraft:calcite":2,"minecraft:birch_log":7},"minecraft:mined":{"dynamictrees:birch_branch":53,"minecraft:torch":3,"minecraft:granite":1,"minecraft:calcite":4,"minecraft:grass_block":1,"minecraft:chest":1,"gobber2:gobber2_lucky_block":5,"minecraft:tall_grass":3,"minecraft:sugar_cane":8,"minecraft:air":67,"minecraft:coarse_dirt":5,"minecraft:iron_ore":20,"minecraft:grass":5,"dynamictrees:oak_branch":50,"minecraft:coal_ore":81,"minecraft:sand":519,"minecraft:gravel":579,"minecraft:dirt":7,"byg:fir_log":191,"minecraft:stone":55,"immersiveengineering:ore_aluminum":8,"minecraft:fern":2}},"DataVersion":2975}