{"stats":{"minecraft:crafted":{"tconstruct:small_blade":2,"tconstruct:pickaxe":1,"tconstruct:pattern":6,"minecraft:stone_shovel":1,"tconstruct:part_builder":1,"minecraft:crafting_table":1,"minecraft:spruce_planks":104,"minecraft:wooden_pickaxe":1,"tconstruct:tool_handle":7,"minecraft:furnace":1,"minecraft:cooked_salmon":8,"tconstruct:pick_head":1,"tconstruct:tool_binding":3,"minecraft:stone_axe":1,"minecraft:air":0,"tconstruct:tinker_station":1,"tconstruct:hand_axe":4,"tconstruct:sword":3,"tconstruct:crafting_station":1,"minecraft:stick":72,"minecraft:stone_pickaxe":1,"minecraft:wooden_axe":1,"minecraft:chest":6,"tconstruct:small_axe_head":2,"minecraft:torch":16,"minecraft:clay":128,"minecraft:smoker":1},"minecraft:dropped":{"byg:biomepedia":3,"tconstruct:pickaxe":2,"minecraft:rotten_flesh":5,"minecraft:coal":1,"tconstruct:sword":1,"minecraft:stick":64,"tconstruct:hand_axe":1,"tconstruct:materials_and_you":1,"minecraft:wooden_axe":1,"minecraft:spruce_log":4,"minecraft:bone":1},"minecraft:custom":{"lootr:looted_stat":3,"minecraft:mob_kills":45,"minecraft:interact_with_crafting_table":5,"minecraft:leave_game":3,"minecraft:time_since_death":2545,"minecraft:sleep_in_bed":1,"minecraft:climb_one_cm":5514,"minecraft:time_since_rest":2569,"minecraft:sprint_one_cm":152600,"minecraft:damage_taken":1915,"minecraft:walk_one_cm":126995,"minecraft:drop":17,"minecraft:damage_dealt":6865,"minecraft:swim_one_cm":19620,"minecraft:fly_one_cm":140330,"minecraft:player_kills":1,"minecraft:open_chest":25,"minecraft:crouch_one_cm":494,"minecraft:play_time":67556,"minecraft:sneak_time":1167,"tombstone:undead_killed":21,"minecraft:deaths":7,"minecraft:walk_under_water_one_cm":17063,"minecraft:jump":821,"minecraft:walk_on_water_one_cm":29005,"minecraft:fall_one_cm":23418,"minecraft:total_world_time":67556,"minecraft:interact_with_smoker":4},"minecraft:used":{"dynamictrees:spruce_seed":7,"minecraft:stone_pickaxe":68,"minecraft:stone_shovel":115,"minecraft:chest":6,"minecraft:wooden_pickaxe":15,"minecraft:cooked_salmon":4,"minecraft:green_bed":1,"byg:fir_sapling":4,"minecraft:torch":4,"tconstruct:sword":139,"minecraft:crafting_table":1,"tconstruct:hand_axe":243,"minecraft:smoker":1,"tombstone:bag_of_seeds":1,"tconstruct:tinker_station":1,"byg:fir_log":1,"minecraft:stone_axe":122,"tconstruct:crafting_station":1,"tombstone:gift":4,"minecraft:golden_pickaxe":12,"tconstruct:part_builder":1},"minecraft:killed_by":{"minecraft:skeleton":1,"minecraft:creeper":1,"minecraft:zombie":4},"minecraft:broken":{"minecraft:stone_axe":1},"minecraft:picked_up":{"minecraft:wooden_axe":1,"minecraft:cocoa_beans":12,"minecraft:coarse_dirt":86,"minecraft:crafting_table":1,"minecraft:clay_ball":520,"minecraft:salmon":8,"minecraft:leather":1,"dynamictrees:spruce_seed":71,"tconstruct:materials_and_you":2,"minecraft:enchanted_book":1,"byg:crocus":1,"rottenleather:rotten_chunk":5,"minecraft:string":8,"minecraft:dirt":170,"minecraft:moss_carpet":3,"tombstone:gift":1,"minecraft:cooked_salmon":4,"bhc:red_heart":4,"minecraft:bone":3,"minecraft:wheat_seeds":12,"minecraft:beef":6,"tombstone:bag_of_seeds":1,"minecraft:azalea":3,"minecraft:moss_block":23,"naturalist:snail_shell":4,"farmersdelight:cabbage_seeds":4,"byg:fir_sapling":68,"minecraft:stick":292,"minecraft:big_dripleaf":1,"minecraft:torch":16,"minecraft:green_bed":1,"tconstruct:pickaxe":1,"minecraft:porkchop":10,"farmersdelight:tomato_seeds":6,"minecraft:ink_sac":2,"minecraft:blast_furnace":2,"tombstone:grave_dust":3,"minecraft:spruce_log":205,"minecraft:spider_eye":4,"byg:biomepedia":4,"minecraft:arrow":6,"minecraft:rotten_flesh":27,"minecraft:slime_ball":4,"immersiveengineering:seed":1,"ae2:certus_quartz_dust":17,"byg:fir_log":82,"minecraft:damaged_anvil":1,"minecraft:melon_seeds":3,"minecraft:glow_berries":3,"extractinator:extractinator":1,"minecraft:coal":64,"minecraft:cobblestone":55,"minecraft:ender_pearl":2},"minecraft:killed":{"minecraft:pig":2,"minecraft:salmon":8,"minecraft:spider":3,"minecraft:slime":1,"minecraft:squid":1,"minecraft:creeper":1,"naturalist:snail":4,"naturalist:coral_snake":1,"minecraft:skeleton":5,"minecraft:zombie":16,"minecraft:enderman":2,"minecraft:cow":1},"minecraft:mined":{"dynamictrees:spruce_branch":115,"extractinator:extractinator":1,"minecraft:torch":1,"minecraft:clay":114,"minecraft:crafting_table":1,"minecraft:blast_furnace":2,"minecraft:damaged_anvil":1,"minecraft:wall_torch":1,"minecraft:air":91,"minecraft:coarse_dirt":5,"minecraft:grass":3,"minecraft:coal_ore":47,"minecraft:cocoa":1,"minecraft:dirt":15,"minecraft:cobweb":5,"byg:fir_log":116,"minecraft:stone":37,"ae2:quartz_ore":4,"minecraft:fern":8,"minecraft:green_bed":1}},"DataVersion":2975}