{"stats":{"minecraft:custom":{"minecraft:jump":69,"minecraft:time_since_rest":2846,"minecraft:crouch_one_cm":210,"minecraft:leave_game":1,"minecraft:sprint_one_cm":4635,"minecraft:play_time":2846,"minecraft:damage_taken":20,"minecraft:time_since_death":2846,"minecraft:walk_one_cm":1949,"minecraft:sneak_time":96,"minecraft:total_world_time":2846,"minecraft:fall_one_cm":2343,"minecraft:fly_one_cm":49932},"minecraft:mined":{"minecraft:sand":1},"minecraft:picked_up":{"minecraft:sand":1},"minecraft:used":{"minecraft:sand":1}},"DataVersion":2975}